"FindingID","Severity","Category","AffectedComponent","Finding","Resource","CurrentValue","ExpectedValue","Recommendation","RemediationSteps","BusinessImpact","CVSSScore"
"CA-20260116-D7C9C8D1","High","Rate Limiting","CyberArk","No rate limiting detected on login endpoint","Login Endpoint","10 requests without rate limit","Rate limiting after 5-10 attempts","Implement rate limiting to prevent brute force attacks","1. Review the current configuration: 10 requests without rate limit
2. Implement rate limiting to prevent brute force attacks
3. Verify the change by re-running the security audit
4. Document the remediation in your change management system","Potential for unauthorized access to privileged accounts, data breach, compliance audit failures, and operational disruption.","7.0-8.9 (High)"
"CA-20260116-EF1D3439","High","Server Hardening","CyberArk","Advanced audit policy incomplete","Audit Policy","16 missing: Credential Validation, Kerberos Authentication Service, Kerberos Service Ticket Operations, Computer Account Management, Security Group Management...","All required audit subcategories enabled","Enable auditing for all required subcategories per CyberArk hardening guide","1. Review the current configuration: 16 missing: Credential Validation, Kerberos Authentication Service, Kerberos Service Ticket Operations, Computer Account Management, Security Group Management...
2. Enable auditing for all required subcategories per CyberArk hardening guide
3. Verify the change by re-running the security audit
4. Document the remediation in your change management system","Potential for unauthorized access to privileged accounts, data breach, compliance audit failures, and operational disruption.","7.0-8.9 (High)"
"CA-20260116-AC87A66A","High","Server Hardening","CyberArk","Remote Desktop not properly hardened","RDP Configuration","Encryption level too low (2); No idle timeout configured","NLA, TLS, high encryption, idle timeout","Configure NLA, TLS 1.2+, high encryption, and idle timeout for RDP","1. Review the current configuration: Encryption level too low (2); No idle timeout configured
2. Configure NLA, TLS 1.2+, high encryption, and idle timeout for RDP
3. Verify the change by re-running the security audit
4. Document the remediation in your change management system","Potential for unauthorized access to privileged accounts, data breach, compliance audit failures, and operational disruption.","7.0-8.9 (High)"
"CA-20260116-CCA529E4","Medium","DNS Security","CyberArk","DNS resolution failed","test.local","Resolution failed","Valid DNS resolution","Verify DNS configuration","1. Review the current configuration: Resolution failed
2. Verify DNS configuration
3. Verify the change by re-running the security audit
4. Document the remediation in your change management system","Reduced security efficacy, potential compliance gaps, increased attack surface that could be exploited in combination with other vulnerabilities.","4.0-6.9 (Medium)"
"CA-20260116-73E8E4DE","Medium","Server Hardening","CyberArk","Registry auditing not configured","Registry Audit ACLs","No audit rules on critical registry keys","Audit rules on LSA and security keys","Configure auditing on critical registry paths for security monitoring","1. Review the current configuration: No audit rules on critical registry keys
2. Configure auditing on critical registry paths for security monitoring
3. Verify the change by re-running the security audit
4. Document the remediation in your change management system","Reduced security efficacy, potential compliance gaps, increased attack surface that could be exploited in combination with other vulnerabilities.","4.0-6.9 (Medium)"
"CA-20260116-11804B80","Medium","Server Hardening","CyberArk","File system auditing not configured","File System Audit","No audit rules on critical directories","Audit rules on system config directories","Configure auditing on critical system directories","1. Review the current configuration: No audit rules on critical directories
2. Configure auditing on critical system directories
3. Verify the change by re-running the security audit
4. Document the remediation in your change management system","Reduced security efficacy, potential compliance gaps, increased attack surface that could be exploited in combination with other vulnerabilities.","4.0-6.9 (Medium)"
