"FindingID","Priority","Severity","Category","AffectedComponent","Finding","Resource","RemediationSteps","AssignedTo","Status","DueDate","CompletionDate","VerificationNotes","RiskAccepted","RiskAcceptanceJustification"
"CA-20260116-CCA529E4","P3 - Standard (30 days)","Medium","DNS Security","CyberArk","DNS resolution failed","test.local","1. Review the current configuration: Resolution failed
2. Verify DNS configuration
3. Verify the change by re-running the security audit
4. Document the remediation in your change management system","","Open","","","","No",""
"CA-20260116-D7C9C8D1","P2 - Urgent (1 week)","High","Rate Limiting","CyberArk","No rate limiting detected on login endpoint","Login Endpoint","1. Review the current configuration: 10 requests without rate limit
2. Implement rate limiting to prevent brute force attacks
3. Verify the change by re-running the security audit
4. Document the remediation in your change management system","","Open","","","","No",""
"CA-20260116-EF1D3439","P2 - Urgent (1 week)","High","Server Hardening","CyberArk","Advanced audit policy incomplete","Audit Policy","1. Review the current configuration: 16 missing: Credential Validation, Kerberos Authentication Service, Kerberos Service Ticket Operations, Computer Account Management, Security Group Management...
2. Enable auditing for all required subcategories per CyberArk hardening guide
3. Verify the change by re-running the security audit
4. Document the remediation in your change management system","","Open","","","","No",""
"CA-20260116-AC87A66A","P2 - Urgent (1 week)","High","Server Hardening","CyberArk","Remote Desktop not properly hardened","RDP Configuration","1. Review the current configuration: Encryption level too low (2); No idle timeout configured
2. Configure NLA, TLS 1.2+, high encryption, and idle timeout for RDP
3. Verify the change by re-running the security audit
4. Document the remediation in your change management system","","Open","","","","No",""
"CA-20260116-73E8E4DE","P3 - Standard (30 days)","Medium","Server Hardening","CyberArk","Registry auditing not configured","Registry Audit ACLs","1. Review the current configuration: No audit rules on critical registry keys
2. Configure auditing on critical registry paths for security monitoring
3. Verify the change by re-running the security audit
4. Document the remediation in your change management system","","Open","","","","No",""
"CA-20260116-11804B80","P3 - Standard (30 days)","Medium","Server Hardening","CyberArk","File system auditing not configured","File System Audit","1. Review the current configuration: No audit rules on critical directories
2. Configure auditing on critical system directories
3. Verify the change by re-running the security audit
4. Document the remediation in your change management system","","Open","","","","No",""
