"FindingID","Timestamp","Severity","Status","Category","AffectedComponent","CISControl","CISDescription","Finding","Resource","CurrentValue","ExpectedValue","Evidence","TechnicalDetails","RiskDescription","BusinessImpact","CVSSScore","Recommendation","RemediationSteps","ComplianceRefs","References","AuditTarget","AuditorNotes"
"CA-20260116-CCA529E4","2026-01-16 02:53:30","Medium","Fail","DNS Security","CyberArk","NET7","DNS security","DNS resolution failed","test.local","Resolution failed","Valid DNS resolution","Detected value: 'Resolution failed' | Expected: 'Valid DNS resolution' | Resource: 'test.local'","Resource 'test.local' has configuration 'Resolution failed' which does not meet the security requirement of 'Valid DNS resolution'.","This finding represents a security gap that weakens the overall security posture and could be leveraged as part of a larger attack chain. Should be addressed in the near term.","Reduced security efficacy, potential compliance gaps, increased attack surface that could be exploited in combination with other vulnerabilities.","4.0-6.9 (Medium)","Verify DNS configuration","1. Review the current configuration: Resolution failed
2. Verify DNS configuration
3. Verify the change by re-running the security audit
4. Document the remediation in your change management system","CIS CyberArk Benchmark; CyberArk Security Best Practices; CIS Control NET7","https://docs.cyberark.com/; CIS CyberArk Benchmark","https://test.local",""
"CA-20260116-D7C9C8D1","2026-01-16 02:59:00","High","Fail","Rate Limiting","CyberArk","BB10","Rate limiting","No rate limiting detected on login endpoint","Login Endpoint","10 requests without rate limit","Rate limiting after 5-10 attempts","Detected value: '10 requests without rate limit' | Expected: 'Rate limiting after 5-10 attempts' | Resource: 'Login Endpoint'","Resource 'Login Endpoint' has configuration '10 requests without rate limit' which does not meet the security requirement of 'Rate limiting after 5-10 attempts'.","This finding represents a significant security weakness that could be exploited to gain unauthorized access to privileged accounts or sensitive data. Remediation should be prioritized.","Potential for unauthorized access to privileged accounts, data breach, compliance audit failures, and operational disruption.","7.0-8.9 (High)","Implement rate limiting to prevent brute force attacks","1. Review the current configuration: 10 requests without rate limit
2. Implement rate limiting to prevent brute force attacks
3. Verify the change by re-running the security audit
4. Document the remediation in your change management system","CIS CyberArk Benchmark; CyberArk Security Best Practices; CIS Control BB10","https://docs.cyberark.com/; CIS CyberArk Benchmark","https://test.local",""
"CA-20260116-122A5C1D","2026-01-16 02:59:21","Info","Pass","Session Security","PSM","V7.3","PVWA - Concurrent session limits","Concurrent session limit (manual verification required)","PVWA Session Management","Manual test required","Concurrent sessions limited or detected","Detected value: 'Manual test required' | Expected: 'Concurrent sessions limited or detected' | Resource: 'PVWA Session Management'","Resource 'PVWA Session Management' has configuration 'Manual test required' which does not meet the security requirement of 'Concurrent sessions limited or detected'.","This finding is informational and documents the current configuration for audit trail purposes.","Informational - no direct business impact but important for documentation.","N/A (Informational)","Verify concurrent session limits are enforced","1. Review the current configuration: Manual test required
2. Verify concurrent session limits are enforced
3. Verify the change by re-running the security audit
4. Document the remediation in your change management system","CIS CyberArk Benchmark; CyberArk Security Best Practices; CIS Control V7.3","https://docs.cyberark.com/; CIS CyberArk Benchmark","https://test.local",""
"CA-20260116-ADC0F6EB","2026-01-16 02:59:52","Info","Pass","Server Hardening","CyberArk","HARD2","Screen saver configuration","Screen saver properly configured","Screen Saver Settings","Active with password protection","Secure screen saver","Detected value: 'Active with password protection' | Expected: 'Secure screen saver' | Resource: 'Screen Saver Settings'","Resource 'Screen Saver Settings' has configuration 'Active with password protection' which does not meet the security requirement of 'Secure screen saver'.","This finding is informational and documents the current configuration for audit trail purposes.","Informational - no direct business impact but important for documentation.","N/A (Informational)","","","CIS CyberArk Benchmark; CyberArk Security Best Practices; CIS Control HARD2","https://docs.cyberark.com/; CIS CyberArk Benchmark","https://test.local",""
"CA-20260116-EF1D3439","2026-01-16 02:59:52","High","Fail","Server Hardening","CyberArk","HARD3","Advanced audit policy","Advanced audit policy incomplete","Audit Policy","16 missing: Credential Validation, Kerberos Authentication Service, Kerberos Service Ticket Operations, Computer Account Management, Security Group Management...","All required audit subcategories enabled","Detected value: '16 missing: Credential Validation, Kerberos Authentication Service, Kerberos Service Ticket Operations, Computer Account Management, Security Group Management...' | Expected: 'All required audit subcategories enabled' | Resource: 'Audit Policy'","Resource 'Audit Policy' has configuration '16 missing: Credential Validation, Kerberos Authentication Service, Kerberos Service Ticket Operations, Computer Account Management, Security Group Management...' which does not meet the security requirement of 'All required audit subcategories enabled'.","This finding represents a significant security weakness that could be exploited to gain unauthorized access to privileged accounts or sensitive data. Remediation should be prioritized.","Potential for unauthorized access to privileged accounts, data breach, compliance audit failures, and operational disruption.","7.0-8.9 (High)","Enable auditing for all required subcategories per CyberArk hardening guide","1. Review the current configuration: 16 missing: Credential Validation, Kerberos Authentication Service, Kerberos Service Ticket Operations, Computer Account Management, Security Group Management...
2. Enable auditing for all required subcategories per CyberArk hardening guide
3. Verify the change by re-running the security audit
4. Document the remediation in your change management system","CIS CyberArk Benchmark; CyberArk Security Best Practices; CIS Control HARD3","https://docs.cyberark.com/; CIS CyberArk Benchmark","https://test.local",""
"CA-20260116-AC87A66A","2026-01-16 02:59:52","High","Fail","Server Hardening","CyberArk","HARD4","Remote Desktop hardening","Remote Desktop not properly hardened","RDP Configuration","Encryption level too low (2); No idle timeout configured","NLA, TLS, high encryption, idle timeout","Detected value: 'Encryption level too low (2); No idle timeout configured' | Expected: 'NLA, TLS, high encryption, idle timeout' | Resource: 'RDP Configuration'","Resource 'RDP Configuration' has configuration 'Encryption level too low (2); No idle timeout configured' which does not meet the security requirement of 'NLA, TLS, high encryption, idle timeout'.","This finding represents a significant security weakness that could be exploited to gain unauthorized access to privileged accounts or sensitive data. Remediation should be prioritized.","Potential for unauthorized access to privileged accounts, data breach, compliance audit failures, and operational disruption.","7.0-8.9 (High)","Configure NLA, TLS 1.2+, high encryption, and idle timeout for RDP","1. Review the current configuration: Encryption level too low (2); No idle timeout configured
2. Configure NLA, TLS 1.2+, high encryption, and idle timeout for RDP
3. Verify the change by re-running the security audit
4. Document the remediation in your change management system","CIS CyberArk Benchmark; CyberArk Security Best Practices; CIS Control HARD4","https://docs.cyberark.com/; CIS CyberArk Benchmark","https://test.local",""
"CA-20260116-F66AC6C6","2026-01-16 02:59:52","Info","Pass","Server Hardening","CyberArk","HARD5","Registry permissions","Registry permissions appropriately configured","Registry ACLs","No overly permissive ACLs found","Restrictive permissions","Detected value: 'No overly permissive ACLs found' | Expected: 'Restrictive permissions' | Resource: 'Registry ACLs'","Resource 'Registry ACLs' has configuration 'No overly permissive ACLs found' which does not meet the security requirement of 'Restrictive permissions'.","This finding is informational and documents the current configuration for audit trail purposes.","Informational - no direct business impact but important for documentation.","N/A (Informational)","","","CIS CyberArk Benchmark; CyberArk Security Best Practices; CIS Control HARD5","https://docs.cyberark.com/; CIS CyberArk Benchmark","https://test.local",""
"CA-20260116-73E8E4DE","2026-01-16 02:59:52","Medium","Fail","Server Hardening","CyberArk","HARD6","Registry auditing","Registry auditing not configured","Registry Audit ACLs","No audit rules on critical registry keys","Audit rules on LSA and security keys","Detected value: 'No audit rules on critical registry keys' | Expected: 'Audit rules on LSA and security keys' | Resource: 'Registry Audit ACLs'","Resource 'Registry Audit ACLs' has configuration 'No audit rules on critical registry keys' which does not meet the security requirement of 'Audit rules on LSA and security keys'.","This finding represents a security gap that weakens the overall security posture and could be leveraged as part of a larger attack chain. Should be addressed in the near term.","Reduced security efficacy, potential compliance gaps, increased attack surface that could be exploited in combination with other vulnerabilities.","4.0-6.9 (Medium)","Configure auditing on critical registry paths for security monitoring","1. Review the current configuration: No audit rules on critical registry keys
2. Configure auditing on critical registry paths for security monitoring
3. Verify the change by re-running the security audit
4. Document the remediation in your change management system","CIS CyberArk Benchmark; CyberArk Security Best Practices; CIS Control HARD6","https://docs.cyberark.com/; CIS CyberArk Benchmark","https://test.local",""
"CA-20260116-11804B80","2026-01-16 02:59:52","Medium","Fail","Server Hardening","CyberArk","HARD8","File system auditing","File system auditing not configured","File System Audit","No audit rules on critical directories","Audit rules on system config directories","Detected value: 'No audit rules on critical directories' | Expected: 'Audit rules on system config directories' | Resource: 'File System Audit'","Resource 'File System Audit' has configuration 'No audit rules on critical directories' which does not meet the security requirement of 'Audit rules on system config directories'.","This finding represents a security gap that weakens the overall security posture and could be leveraged as part of a larger attack chain. Should be addressed in the near term.","Reduced security efficacy, potential compliance gaps, increased attack surface that could be exploited in combination with other vulnerabilities.","4.0-6.9 (Medium)","Configure auditing on critical system directories","1. Review the current configuration: No audit rules on critical directories
2. Configure auditing on critical system directories
3. Verify the change by re-running the security audit
4. Document the remediation in your change management system","CIS CyberArk Benchmark; CyberArk Security Best Practices; CIS Control HARD8","https://docs.cyberark.com/; CIS CyberArk Benchmark","https://test.local",""
